seriesuid,coordX,coordY,coordZ,probability
1.3.6.1.4.1.14519.5.2.1.6279.6001.100621383016233746780170740405,-24,192.1,-391,0.5
1.3.6.1.4.1.14519.5.2.1.6279.6001.100621383016233746780170740405,2.4,172.4,-405.4,1
1.3.6.1.4.1.14519.5.2.1.6279.6001.100621383016233746780170740405,90.9,149,-426.5,1
1.3.6.1.4.1.14519.5.2.1.6279.6001.100621383016233746780170740405,89.5,196.4,-515.4,0.2
1.3.6.1.4.1.14519.5.2.1.6279.6001.100953483028192176989979435275,81.5,54.9,-150.3,0.1
